[
  {
    "id": "section_about_header",
    "elType": "section",
    "isInner": false,
    "settings": {
      "layout": "boxed",
      "gap": "default",
      "padding": {
        "unit": "px",
        "top": "80",
        "right": "20",
        "bottom": "60",
        "left": "20"
      }
    },
    "elements": [
      {
        "id": "column_about_header",
        "elType": "column",
        "isInner": false,
        "settings": {
          "_column_size": 100,
          "_inline_size": null
        },
        "elements": [
          {
            "id": "heading_about",
            "elType": "widget",
            "widgetType": "heading",
            "settings": {
              "title": "Acerca de AURA BUSINESS NAME",
              "size": "xl",
              "header_size": "h1",
              "align": "center",
              "color": "#333333"
            }
          },
          {
            "id": "text_about_intro",
            "elType": "widget",
            "widgetType": "text-editor",
            "settings": {
              "editor": "<p style=\"text-align: center; font-size: 18px; color: #666; max-width: 800px; margin: 0 auto;\">En AURA BUSINESS NAME nos dedicamos a brindar soluciones innovadoras y de calidad. Nuestra misión es ayudar a nuestros clientes a alcanzar sus objetivos con AURA BUSINESS TAGLINE.</p>",
              "align": "center"
            }
          }
        ]
      }
    ]
  },
  {
    "id": "section_story",
    "elType": "section",
    "isInner": false,
    "settings": {
      "layout": "boxed",
      "gap": "default",
      "background_background": "classic",
      "background_color": "#f8f9fa",
      "padding": {
        "unit": "px",
        "top": "60",
        "right": "20",
        "bottom": "60",
        "left": "20"
      }
    },
    "elements": [
      {
        "id": "column_story",
        "elType": "column",
        "isInner": false,
        "settings": {
          "_column_size": 100,
          "_inline_size": null
        },
        "elements": [
          {
            "id": "heading_story",
            "elType": "widget",
            "widgetType": "heading",
            "settings": {
              "title": "Nuestra Historia",
              "size": "large",
              "header_size": "h2",
              "align": "center",
              "color": "#333333"
            }
          },
          {
            "id": "text_story",
            "elType": "widget",
            "widgetType": "text-editor",
            "settings": {
              "editor": "<p style=\"text-align: center; max-width: 700px; margin: 0 auto; line-height: 1.6;\">Fundada con la visión de transformar la industria, AURA BUSINESS NAME comenzó como una pequeña empresa con grandes ideas. A lo largo de los años, hemos crecido y evolucionado, siempre manteniendo nuestros valores fundamentales y el compromiso con la excelencia.</p>",
              "align": "center"
            }
          }
        ]
      }
    ]
  },
  {
    "id": "section_values",
    "elType": "section",
    "isInner": false,
    "settings": {
      "layout": "boxed",
      "gap": "default",
      "padding": {
        "unit": "px",
        "top": "80",
        "right": "20",
        "bottom": "80",
        "left": "20"
      }
    },
    "elements": [
      {
        "id": "column_values_title",
        "elType": "column",
        "isInner": false,
        "settings": {
          "_column_size": 100,
          "_inline_size": null
        },
        "elements": [
          {
            "id": "heading_values",
            "elType": "widget",
            "widgetType": "heading",
            "settings": {
              "title": "Nuestros Valores",
              "size": "large",
              "header_size": "h2",
              "align": "center",
              "color": "#333333"
            }
          }
        ]
      }
    ]
  },
  {
    "id": "section_values_content",
    "elType": "section",
    "isInner": false,
    "settings": {
      "layout": "boxed",
      "gap": "default",
      "margin": {
        "unit": "px",
        "top": "-40",
        "right": "0",
        "bottom": "0",
        "left": "0"
      },
      "padding": {
        "unit": "px",
        "top": "0",
        "right": "20",
        "bottom": "60",
        "left": "20"
      }
    },
    "elements": [
      {
        "id": "column_value_1",
        "elType": "column",
        "isInner": false,
        "settings": {
          "_column_size": 33,
          "_inline_size": null
        },
        "elements": [
          {
            "id": "icon_value_1",
            "elType": "widget",
            "widgetType": "icon",
            "settings": {
              "icon": {
                "value": "fas fa-heart",
                "library": "fa-solid"
              },
              "size": {
                "unit": "px",
                "size": 40
              },
              "color": "#e74c3c",
              "align": "center"
            }
          },
          {
            "id": "heading_value_1",
            "elType": "widget",
            "widgetType": "heading",
            "settings": {
              "title": "Pasión",
              "size": "medium",
              "header_size": "h3",
              "align": "center"
            }
          },
          {
            "id": "text_value_1",
            "elType": "widget",
            "widgetType": "text-editor",
            "settings": {
              "editor": "<p style=\"text-align: center;\">Amamos lo que hacemos y esa pasión se refleja en cada proyecto que emprendemos.</p>",
              "align": "center"
            }
          }
        ]
      },
      {
        "id": "column_value_2",
        "elType": "column",
        "isInner": false,
        "settings": {
          "_column_size": 33,
          "_inline_size": null
        },
        "elements": [
          {
            "id": "icon_value_2",
            "elType": "widget",
            "widgetType": "icon",
            "settings": {
              "icon": {
                "value": "fas fa-star",
                "library": "fa-solid"
              },
              "size": {
                "unit": "px",
                "size": 40
              },
              "color": "#f39c12",
              "align": "center"
            }
          },
          {
            "id": "heading_value_2",
            "elType": "widget",
            "widgetType": "heading",
            "settings": {
              "title": "Excelencia",
              "size": "medium",
              "header_size": "h3",
              "align": "center"
            }
          },
          {
            "id": "text_value_2",
            "elType": "widget",
            "widgetType": "text-editor",
            "settings": {
              "editor": "<p style=\"text-align: center;\">Buscamos la perfección en cada detalle, entregando siempre resultados superiores.</p>",
              "align": "center"
            }
          }
        ]
      },
      {
        "id": "column_value_3",
        "elType": "column",
        "isInner": false,
        "settings": {
          "_column_size": 33,
          "_inline_size": null
        },
        "elements": [
          {
            "id": "icon_value_3",
            "elType": "widget",
            "widgetType": "icon",
            "settings": {
              "icon": {
                "value": "fas fa-handshake",
                "library": "fa-solid"
              },
              "size": {
                "unit": "px",
                "size": 40
              },
              "color": "#27ae60",
              "align": "center"
            }
          },
          {
            "id": "heading_value_3",
            "elType": "widget",
            "widgetType": "heading",
            "settings": {
              "title": "Compromiso",
              "size": "medium",
              "header_size": "h3",
              "align": "center"
            }
          },
          {
            "id": "text_value_3",
            "elType": "widget",
            "widgetType": "text-editor",
            "settings": {
              "editor": "<p style=\"text-align: center;\">Estamos comprometidos con el éxito de nuestros clientes y trabajamos incansablemente para lograrlo.</p>",
              "align": "center"
            }
          }
        ]
      }
    ]
  }
]