[
  {
    "id": "section_contact_header",
    "elType": "section",
    "isInner": false,
    "settings": {
      "layout": "boxed",
      "gap": "default",
      "padding": {
        "unit": "px",
        "top": "80",
        "right": "20",
        "bottom": "60",
        "left": "20"
      }
    },
    "elements": [
      {
        "id": "column_contact_header",
        "elType": "column",
        "isInner": false,
        "settings": {
          "_column_size": 100,
          "_inline_size": null
        },
        "elements": [
          {
            "id": "heading_contact",
            "elType": "widget",
            "widgetType": "heading",
            "settings": {
              "title": "Contáctanos",
              "size": "xl",
              "header_size": "h1",
              "align": "center",
              "color": "#333333"
            }
          },
          {
            "id": "text_contact_intro",
            "elType": "widget",
            "widgetType": "text-editor",
            "settings": {
              "editor": "<p style=\"text-align: center; font-size: 18px; color: #666; max-width: 800px; margin: 0 auto;\">¿Tienes alguna pregunta o necesitas más información sobre nuestros servicios? En AURA BUSINESS NAME estamos aquí para ayudarte. Ponte en contacto con nosotros a través de cualquiera de los siguientes medios.</p>",
              "align": "center"
            }
          }
        ]
      }
    ]
  },
  {
    "id": "section_contact_info",
    "elType": "section",
    "isInner": false,
    "settings": {
      "layout": "boxed",
      "gap": "default",
      "background_background": "classic",
      "background_color": "#f8f9fa",
      "padding": {
        "unit": "px",
        "top": "80",
        "right": "20",
        "bottom": "80",
        "left": "20"
      }
    },
    "elements": [
      {
        "id": "column_phone",
        "elType": "column",
        "isInner": false,
        "settings": {
          "_column_size": 33,
          "_inline_size": null
        },
        "elements": [
          {
            "id": "icon_phone",
            "elType": "widget",
            "widgetType": "icon",
            "settings": {
              "icon": {
                "value": "fas fa-phone",
                "library": "fa-solid"
              },
              "size": {
                "unit": "px",
                "size": 48
              },
              "color": "#007cba",
              "align": "center"
            }
          },
          {
            "id": "heading_phone",
            "elType": "widget",
            "widgetType": "heading",
            "settings": {
              "title": "Teléfono",
              "size": "medium",
              "header_size": "h3",
              "align": "center"
            }
          },
          {
            "id": "text_phone",
            "elType": "widget",
            "widgetType": "text-editor",
            "settings": {
              "editor": "<p style=\"text-align: center; font-weight: bold; font-size: 16px; color: #333;\">+1 (555) 123-4567</p><p style=\"text-align: center; color: #666;\">Lunes a Viernes<br>9:00 AM - 6:00 PM</p>",
              "align": "center"
            }
          }
        ]
      },
      {
        "id": "column_email",
        "elType": "column",
        "isInner": false,
        "settings": {
          "_column_size": 33,
          "_inline_size": null
        },
        "elements": [
          {
            "id": "icon_email",
            "elType": "widget",
            "widgetType": "icon",
            "settings": {
              "icon": {
                "value": "fas fa-envelope",
                "library": "fa-solid"
              },
              "size": {
                "unit": "px",
                "size": 48
              },
              "color": "#007cba",
              "align": "center"
            }
          },
          {
            "id": "heading_email",
            "elType": "widget",
            "widgetType": "heading",
            "settings": {
              "title": "Email",
              "size": "medium",
              "header_size": "h3",
              "align": "center"
            }
          },
          {
            "id": "text_email",
            "elType": "widget",
            "widgetType": "text-editor",
            "settings": {
              "editor": "<p style=\"text-align: center; font-weight: bold; font-size: 16px; color: #333;\">info@aurabusiness.com</p><p style=\"text-align: center; color: #666;\">Respuesta en 24 horas</p>",
              "align": "center"
            }
          }
        ]
      },
      {
        "id": "column_whatsapp",
        "elType": "column",
        "isInner": false,
        "settings": {
          "_column_size": 33,
          "_inline_size": null
        },
        "elements": [
          {
            "id": "icon_whatsapp",
            "elType": "widget",
            "widgetType": "icon",
            "settings": {
              "icon": {
                "value": "fab fa-whatsapp",
                "library": "fa-brands"
              },
              "size": {
                "unit": "px",
                "size": 48
              },
              "color": "#25d366",
              "align": "center"
            }
          },
          {
            "id": "heading_whatsapp",
            "elType": "widget",
            "widgetType": "heading",
            "settings": {
              "title": "WhatsApp",
              "size": "medium",
              "header_size": "h3",
              "align": "center"
            }
          },
          {
            "id": "text_whatsapp",
            "elType": "widget",
            "widgetType": "text-editor",
            "settings": {
              "editor": "<p style=\"text-align: center; font-weight: bold; font-size: 16px; color: #333;\">+1 (555) 987-6543</p><p style=\"text-align: center; color: #666;\">Atención inmediata<br>Lun-Dom 8:00-22:00</p>",
              "align": "center"
            }
          }
        ]
      }
    ]
  },
  {
    "id": "section_contact_form",
    "elType": "section",
    "isInner": false,
    "settings": {
      "layout": "boxed",
      "gap": "default",
      "padding": {
        "unit": "px",
        "top": "80",
        "right": "20",
        "bottom": "60",
        "left": "20"
      }
    },
    "elements": [
      {
        "id": "column_form",
        "elType": "column",
        "isInner": false,
        "settings": {
          "_column_size": 100,
          "_inline_size": null
        },
        "elements": [
          {
            "id": "heading_form",
            "elType": "widget",
            "widgetType": "heading",
            "settings": {
              "title": "Envíanos un Mensaje",
              "size": "large",
              "header_size": "h2",
              "align": "center",
              "color": "#333333"
            }
          },
          {
            "id": "text_form_placeholder",
            "elType": "widget",
            "widgetType": "text-editor",
            "settings": {
              "editor": "<div style=\"max-width: 600px; margin: 0 auto; padding: 30px; background: #f8f9fa; border-radius: 8px; text-align: center;\"><p style=\"font-size: 16px; color: #666; margin-bottom: 20px;\">📝 <strong>Formulario de Contacto</strong></p><p style=\"color: #666;\">Aquí se integraría tu formulario de contacto preferido:</p><ul style=\"text-align: left; max-width: 400px; margin: 20px auto; color: #666;\"><li>Contact Form 7</li><li>WPForms</li><li>Gravity Forms</li><li>Ninja Forms</li></ul><p style=\"color: #666;\">O cualquier otro plugin de formularios que uses.</p></div>",
              "align": "center"
            }
          }
        ]
      }
    ]
  },
  {
    "id": "section_contact_cta",
    "elType": "section",
    "isInner": false,
    "settings": {
      "layout": "boxed",
      "gap": "default",
      "background_background": "classic",
      "background_color": "#007cba",
      "padding": {
        "unit": "px",
        "top": "60",
        "right": "20",
        "bottom": "60",
        "left": "20"
      }
    },
    "elements": [
      {
        "id": "column_contact_cta",
        "elType": "column",
        "isInner": false,
        "settings": {
          "_column_size": 100,
          "_inline_size": null
        },
        "elements": [
          {
            "id": "heading_contact_cta",
            "elType": "widget",
            "widgetType": "heading",
            "settings": {
              "title": "¿Prefieres hablar directamente?",
              "size": "large",
              "header_size": "h2",
              "align": "center",
              "color": "#ffffff"
            }
          },
          {
            "id": "text_contact_cta",
            "elType": "widget",
            "widgetType": "text-editor",
            "settings": {
              "editor": "<p style=\"text-align: center; color: #ffffff;\">Programa una llamada con nuestro equipo y resolvamos tus dudas en tiempo real.</p>",
              "align": "center"
            }
          },
          {
            "id": "button_contact_cta",
            "elType": "widget",
            "widgetType": "button",
            "settings": {
              "text": "Programar Llamada",
              "align": "center",
              "size": "lg",
              "background_color": "#ffffff",
              "color": "#007cba",
              "hover_color": "#005177"
            }
          }
        ]
      }
    ]
  }
]