[
  {
    "id": "section_hero",
    "elType": "section",
    "isInner": false,
    "settings": {
      "layout": "boxed",
      "gap": "default",
      "content_position": "middle",
      "background_background": "classic",
      "background_color": "#f8f9fa",
      "padding": {
        "unit": "px",
        "top": "100",
        "right": "20",
        "bottom": "100",
        "left": "20"
      }
    },
    "elements": [
      {
        "id": "column_hero",
        "elType": "column",
        "isInner": false,
        "settings": {
          "_column_size": 100,
          "_inline_size": null
        },
        "elements": [
          {
            "id": "heading_hero",
            "elType": "widget",
            "widgetType": "heading",
            "settings": {
              "title": "AURA BUSINESS NAME",
              "size": "xl",
              "header_size": "h1",
              "align": "center",
              "color": "#333333"
            }
          },
          {
            "id": "text_hero_tagline",
            "elType": "widget",
            "widgetType": "text-editor",
            "settings": {
              "editor": "<p style=\"text-align: center; font-size: 18px; color: #666;\">AURA BUSINESS TAGLINE</p>",
              "align": "center"
            }
          },
          {
            "id": "button_hero_cta",
            "elType": "widget",
            "widgetType": "button",
            "settings": {
              "text": "Comenzar Ahora",
              "align": "center",
              "size": "lg",
              "button_type": "success",
              "background_color": "#007cba",
              "hover_color": "#005177"
            }
          }
        ]
      }
    ]
  },
  {
    "id": "section_features",
    "elType": "section",
    "isInner": false,
    "settings": {
      "layout": "boxed",
      "gap": "default",
      "padding": {
        "unit": "px",
        "top": "80",
        "right": "20",
        "bottom": "80",
        "left": "20"
      }
    },
    "elements": [
      {
        "id": "column_card_1",
        "elType": "column",
        "isInner": false,
        "settings": {
          "_column_size": 33,
          "_inline_size": null
        },
        "elements": [
          {
            "id": "icon_card_1",
            "elType": "widget",
            "widgetType": "icon",
            "settings": {
              "icon": {
                "value": "fas fa-rocket",
                "library": "fa-solid"
              },
              "size": {
                "unit": "px",
                "size": 48
              },
              "color": "#007cba",
              "align": "center"
            }
          },
          {
            "id": "heading_card_1",
            "elType": "widget",
            "widgetType": "heading",
            "settings": {
              "title": "Rápido",
              "size": "medium",
              "header_size": "h3",
              "align": "center"
            }
          },
          {
            "id": "text_card_1",
            "elType": "widget",
            "widgetType": "text-editor",
            "settings": {
              "editor": "<p style=\"text-align: center;\">Soluciones ágiles y eficientes para tu negocio.</p>",
              "align": "center"
            }
          }
        ]
      },
      {
        "id": "column_card_2",
        "elType": "column",
        "isInner": false,
        "settings": {
          "_column_size": 33,
          "_inline_size": null
        },
        "elements": [
          {
            "id": "icon_card_2",
            "elType": "widget",
            "widgetType": "icon",
            "settings": {
              "icon": {
                "value": "fas fa-shield-alt",
                "library": "fa-solid"
              },
              "size": {
                "unit": "px",
                "size": 48
              },
              "color": "#007cba",
              "align": "center"
            }
          },
          {
            "id": "heading_card_2",
            "elType": "widget",
            "widgetType": "heading",
            "settings": {
              "title": "Seguro",
              "size": "medium",
              "header_size": "h3",
              "align": "center"
            }
          },
          {
            "id": "text_card_2",
            "elType": "widget",
            "widgetType": "text-editor",
            "settings": {
              "editor": "<p style=\"text-align: center;\">Protección total para tu información y procesos.</p>",
              "align": "center"
            }
          }
        ]
      },
      {
        "id": "column_card_3",
        "elType": "column",
        "isInner": false,
        "settings": {
          "_column_size": 33,
          "_inline_size": null
        },
        "elements": [
          {
            "id": "icon_card_3",
            "elType": "widget",
            "widgetType": "icon",
            "settings": {
              "icon": {
                "value": "fas fa-users",
                "library": "fa-solid"
              },
              "size": {
                "unit": "px",
                "size": 48
              },
              "color": "#007cba",
              "align": "center"
            }
          },
          {
            "id": "heading_card_3",
            "elType": "widget",
            "widgetType": "heading",
            "settings": {
              "title": "Confiable",
              "size": "medium",
              "header_size": "h3",
              "align": "center"
            }
          },
          {
            "id": "text_card_3",
            "elType": "widget",
            "widgetType": "text-editor",
            "settings": {
              "editor": "<p style=\"text-align: center;\">Miles de clientes confían en nuestros servicios.</p>",
              "align": "center"
            }
          }
        ]
      }
    ]
  },
  {
    "id": "section_cta",
    "elType": "section",
    "isInner": false,
    "settings": {
      "layout": "boxed",
      "gap": "default",
      "background_background": "classic",
      "background_color": "#007cba",
      "padding": {
        "unit": "px",
        "top": "60",
        "right": "20",
        "bottom": "60",
        "left": "20"
      }
    },
    "elements": [
      {
        "id": "column_cta",
        "elType": "column",
        "isInner": false,
        "settings": {
          "_column_size": 100,
          "_inline_size": null
        },
        "elements": [
          {
            "id": "heading_cta",
            "elType": "widget",
            "widgetType": "heading",
            "settings": {
              "title": "¿Listo para comenzar?",
              "size": "large",
              "header_size": "h2",
              "align": "center",
              "color": "#ffffff"
            }
          },
          {
            "id": "text_cta",
            "elType": "widget",
            "widgetType": "text-editor",
            "settings": {
              "editor": "<p style=\"text-align: center; color: #ffffff;\">Contáctanos hoy y descubre cómo podemos ayudarte a hacer crecer tu negocio.</p>",
              "align": "center"
            }
          },
          {
            "id": "button_cta",
            "elType": "widget",
            "widgetType": "button",
            "settings": {
              "text": "Contactar Ahora",
              "align": "center",
              "size": "lg",
              "background_color": "#ffffff",
              "color": "#007cba",
              "hover_color": "#005177"
            }
          }
        ]
      }
    ]
  }
]